pos_x,pos_y,rotation,side,designator,mpn,pack,footprint,value,mount_type
128.6,-92.7,180.0,bottom,',,,IZ_logo_Small_2,',tht
179.5,-86.4,90.0,top,AE1,,,YG0005AA,Antenna,tht
135.5,-81.0,90.0,top,C1,,,C_0603_1608Metric,10uF,smt
161.7,-84.3,-90.0,bottom,C10,,,C_0402_1005Metric,0.1uF,smt
160.6,-84.3,-90.0,bottom,C11,,,C_0603_1608Metric,10uF,smt
159.3,-87.5,-90.0,bottom,C12,,,C_0603_1608Metric,10uF,smt
171.725,-93.6,180.0,bottom,C13,,,C_0402_1005Metric,4.7uF,smt
171.725,-92.65,180.0,bottom,C14,,,C_0402_1005Metric,0.1uF,smt
173.9,-77.78,-90.0,bottom,C15,,,C_0402_1005Metric,NC,smt
177.82,-83.6,0.0,bottom,C16,,,C_0402_1005Metric,0.1uF,smt
176.9,-77.78,-90.0,bottom,C17,,,C_0402_1005Metric,NC,smt
137.6,-87.23,-90.0,bottom,C18,,,C_0402_1005Metric,0.1uF,smt
139.75,-91.25,-90.0,top,C19,,,C_0603_1608Metric,10uF,smt
140.9,-81.0,90.0,top,C2,,,C_0603_1608Metric,10uF,smt
158.31,-83.6,-90.0,top,C20,,,C_0603_1608Metric,10uF,smt
152.810001,-83.670001,-90.0,top,C21,,,C_0603_1608Metric,10uF,smt
180.325,-83.35,90.0,bottom,C22,,,C_0402_1005Metric,1nF,smt
160.695,-88.1,0.0,top,C23,,,C_0603_1608Metric,10uF,smt
135.0,-83.25,0.0,top,C24,,,C_0603_1608Metric,10uF,smt
178.4,-77.3,180.0,bottom,C25,,,C_0402_1005Metric,3.5pF,smt
160.8,-82.525,0.0,top,C26,,,C_0603_1608Metric,10uF,smt
130.175,-84.5,0.0,top,C27,,,C_0402_1005Metric,0.1uF,smt
147.6,-87.55,0.0,top,C3,,,C_0402_1005Metric,1uF,smt
156.35,-79.9,-90.0,top,C4,,,C_0603_1608Metric,10uF,smt
148.85,-90.0,0.0,top,C5,,,C_0402_1005Metric,1uF,smt
151.995,-89.025,180.0,top,C6,,,C_0402_1005Metric,0.1uF,smt
161.7,-87.025,90.0,bottom,C7,,,C_0402_1005Metric,0.1uF,smt
176.6,-81.55,180.0,bottom,C8,,,C_0402_1005Metric,39pF,smt
166.225,-79.475,0.0,bottom,C9,,,C_0402_1005Metric,4.7uF,smt
153.2,-78.9,180.0,top,D1,,,D_SOD-123F,SS34,smt
130.4,-93.55,180.0,top,D2,,,D_SOD-123F,SS34,smt
121.55,-80.25,180.0,top,D3,,,LED_0603_1608Metric,DONE,smt
121.55,-92.5,180.0,top,D4,,,LED_0603_1608Metric,CHRG,smt
158.0,-80.5,180.0,bottom,D5,,,SOT-363_SC-70-6,SP0505BAJT,smt
130.25,-86.4,90.0,top,D6,,,SK6812_2020,SK6812_2020,tht
159.3,-84.3,90.0,bottom,FB1,,,R_0603_1608Metric_Pad0.98x0.95mm_HandSolder,120R/0.7A,smt
178.325,-81.95,0.0,bottom,IC1,BGA524N6E6327XTSA1,,BGA524N6E6327XTSA1,BGA524N6E6327XTSA1,smt
121.4,-86.4,-90.0,top,J1,,,USB_TYPE-C-31-M-12_ExtraPad,USB_C_Receptacle_USB2.0,tht
164.45,-96.54,-90.0,top,J10,,,PinHeader_1x16_P2.54mm_Vertical,GPIOXL,tht
164.44,-76.25,-90.0,top,J11,,,PinHeader_1x12_P2.54mm_Vertical,GPIOXR,tht
124.5,-86.4,-90.0,bottom,J2,,,JST_PH_B2B-PH-SM4-TB_1x02-1MP_P2.00mm_Vertical,SOLAR,smt
130.3,-79.5,0.0,top,J3,,,JST_PH_B2B-PH-SM4-TB_1x02-1MP_P2.00mm_Vertical,BAT,smt
172.075,-96.54,-90.0,bottom,J4,,,PinHeader_1x04_P2.54mm_Vertical,SWD,tht
149.7,-86.4,90.0,bottom,J5,,None,NSIM-2-C,NSIM-2-C,smt
130.25,-78.0,0.0,bottom,J6,,,JST_SH_SM04B-SRSS-TB_1x04-1MP_P1.00mm_Horizontal,QWIIC/STEMMA,smt
183.825,-84.775,90.0,bottom,J7,U.FL-R-SMT(10),,U.FL-R-SMT-1,GNSS,tht
182.7,-77.3,90.0,bottom,J8,U.FL-R-SMT(10),,U.FL-R-SMT-1,LTE,tht
148.41,-81.67,90.0,top,L1,,,Inductor_GPSR0520_HCM1A4020V2_1R0,10uH,tht
175.4,-77.3,0.0,bottom,L2,,,L_0402_1005Metric,1.5nH,smt
179.85,-81.95,0.0,bottom,L3,,,L_0402_1005Metric,9.1nH,smt
179.9,-77.785,90.0,bottom,L4,,,L_0402_1005Metric,22nH,smt
130.45,-90.65,90.0,top,Q1,,,SOT-23,Si2319CDS,smt
153.75,-92.25,180.0,top,Q2,BSS138,,SOT-23,BSS138,smt
150.25,-92.25,180.0,top,Q3,,,SOT-23,Si2319CDS,smt
160.75,-92.25,180.0,top,Q4,BSS138,,SOT-23,BSS138,smt
157.25,-92.25,180.0,top,Q5,,,SOT-23,Si2319CDS,smt
157.25,-92.25,180.0,bottom,Q6,BSS138,,SOT-23,BSS138,smt
154.5,-94.5,180.0,top,R1,,,R_0402_1005Metric,10K,smt
128.0,-88.66,-90.0,top,R10,,,R_0402_1005Metric,5.1K,smt
128.0,-84.64,90.0,top,R11,,,R_0402_1005Metric,5.1K,smt
179.2,-93.15,-90.0,bottom,R12,,,R_0402_1005Metric,1M,smt
161.2,-88.5,0.0,bottom,R13,,,R_0402_1005Metric,10K,smt
127.6,-93.75,-90.0,top,R14,,,R_0402_1005Metric,10K,smt
121.285,-92.5,180.0,bottom,R15,,,R_0402_1005Metric,1K,smt
138.6,-88.675,180.0,bottom,R16,,,R_0402_1005Metric,1K,smt
137.1,-89.65,180.0,bottom,R17,,,R_0402_1005Metric,0R,smt
135.375,-91.49,90.0,bottom,R18,,,R_0402_1005Metric,0R,smt
136.625,-88.675,0.0,bottom,R19,,,R_0402_1005Metric,1K,smt
145.75,-87.55,180.0,top,R2,,,R_0402_1005Metric,22K,smt
154.599999,-86.02,180.0,top,R20,,,R_0402_1005Metric,4.7K,smt
139.11,-78.25,0.0,top,R21,,,R_0402_1005Metric,4.7K,smt
145.285,-78.25,0.0,top,R22,,,R_0402_1005Metric,47K,smt
141.485,-78.25,180.0,top,R23,,,R_0402_1005Metric,100K,smt
143.385,-78.25,180.0,top,R24,,,R_0402_1005Metric,13K,smt
176.2,-93.15,90.0,bottom,R25,,,R_0402_1005Metric,1M,smt
160.8,-87.025,-90.0,bottom,R26,,,R_0402_1005Metric,10K,smt
180.325,-85.275,90.0,bottom,R27,,,R_0402_1005Metric,0R,smt
180.825,-84.775,180.0,bottom,R28,,,R_0402_1005Metric,0R,smt
137.2,-78.25,180.0,top,R29,,,R_0402_1005Metric,10K,smt
145.75,-86.55,180.0,top,R3,,,R_0402_1005Metric,33K,smt
156.51,-86.020001,0.0,top,R31,,,R_0402_1005Metric,10K,smt
170.3,-93.15,-90.0,bottom,R32,,,R_0402_1005Metric,4.7K,smt
173.15,-93.125,-90.0,bottom,R33,,,R_0402_1005Metric,4.7K,smt
161.5,-94.5,180.0,top,R34,,,R_0402_1005Metric,10K,smt
159.0,-90.0,0.0,top,R35,,,R_0402_1005Metric,100K,smt
156.5,-94.5,0.0,top,R36,,,R_0402_1005Metric,100K,smt
158.5,-94.5,0.0,top,R37,,,R_0402_1005Metric,47K,smt
160.9,-90.575,90.0,bottom,R38,,,R_0402_1005Metric,1M,smt
161.9,-90.575,-90.0,bottom,R39,,,R_0402_1005Metric,1M,smt
152.0,-90.0,0.0,top,R4,,,R_0402_1005Metric,100K,smt
165.275,-86.425,180.0,top,R40,,,R_0402_1005Metric,10K,smt
130.275,-88.275,0.0,top,R41,,,R_0402_1005Metric,470R,smt
137.6,-85.275,-90.0,bottom,R42,,,R_0402_1005Metric,100R,smt
149.5,-94.5,0.0,top,R5,,,R_0402_1005Metric,100K,smt
151.5,-94.5,0.0,top,R6,,,R_0402_1005Metric,220K,smt
148.85,-89.0,180.0,top,R7,,,R_0402_1005Metric,100K,smt
178.2,-93.15,-90.0,bottom,R8,,,R_0402_1005Metric,0R,smt
177.2,-93.15,-90.0,bottom,R9,,,R_0402_1005Metric,0R,smt
164.8,-89.8,90.0,top,SW1,,,SPST_PTS815XX,USER,smt
164.8,-83.0,90.0,top,SW2,,,SPST_PTS815XX,RESET,smt
138.2,-80.7,180.0,top,U1,,,SOT-23-5,MT9700,smt
155.56,-83.67,0.0,top,U10,,,SOT-23-5,MT9700,smt
143.85,-80.7,-90.0,top,U2,,,SOT-23-6,MT3608L,smt
144.96,-91.25,180.0,top,U3,,WFQFN-24 Silicon Labs,CP2102N-A02-GQFN24R,CP2102N-A02-GQFN24R,smt
137.0,-86.5,180.0,top,U4,,,SOP-8,TP4056_CH,smt
136.75,-91.25,180.0,top,U5,,,DFN-8-1EP_3x3mm_P0.5mm_EP1.66x2.38mm,CN3165,smt
160.87,-85.089999,90.0,top,U6,,,SOT-23-5,XC6220B331MR-G,smt
135.2,-86.75,0.0,bottom,U7,,,SOT-23-6,DW01_Batt_Protection,smt
131.0,-86.75,-90.0,bottom,U8,,,TSSOP-8_4.4x3mm_P0.65mm,FS8205A_Bat_Protection,smt
169.22,-85.8,0.0,bottom,U9,,None,NRF9151-LACA-R7,NRF9151-LACA-R7,smt
